userId,Action,Adventure,Animation,Children,Comedy,Crime,Documentary,Drama,Fantasy,Film-Noir,Horror,Musical,Mystery,Romance,Sci-Fi,Thriller,War,Western
1,89,84,29,42,81,43,0,67,45,1,13,22,16,26,40,51,22,7
5,7,6,6,9,13,12,0,24,7,0,1,5,1,8,1,8,2,1
7,45,38,11,11,32,18,0,37,14,2,4,8,10,16,29,32,8,0
17,39,35,10,7,19,32,1,51,17,2,3,3,10,7,20,27,9,6
18,191,134,31,32,126,134,9,211,48,8,11,12,56,39,102,161,14,11
19,87,100,33,55,197,47,0,74,58,8,43,22,39,75,60,100,7,7
21,192,159,46,49,147,56,0,64,49,2,6,10,14,49,90,104,7,4
27,38,51,17,36,36,6,0,39,16,1,0,12,3,22,25,12,12,10
31,15,14,4,6,19,2,1,13,7,0,2,5,1,13,8,11,1,0
32,29,17,2,6,41,19,1,44,11,0,2,2,7,29,9,31,3,1
33,14,10,6,8,51,24,0,102,5,2,2,6,8,48,7,25,8,1
40,21,21,7,17,36,13,0,47,12,0,2,6,3,20,8,15,3,6
43,31,34,13,32,44,16,0,42,17,0,5,12,4,25,15,29,3,3
44,17,16,3,2,18,4,0,9,2,0,2,1,1,6,6,13,0,0
45,99,96,31,48,194,47,1,114,39,0,15,27,18,65,68,81,14,3
46,18,13,4,4,12,12,0,15,3,0,2,3,3,6,7,18,3,3
50,32,33,26,12,64,30,11,82,25,2,10,7,16,18,23,35,9,4
54,6,6,3,4,11,7,0,15,3,0,1,2,3,6,4,13,3,1
57,128,105,31,36,172,54,1,150,42,11,10,27,30,82,68,87,33,15
63,87,71,31,24,87,48,7,76,32,5,6,10,21,25,43,56,13,1
64,116,96,32,47,197,89,6,227,66,3,51,27,51,97,54,132,27,8
66,96,66,16,18,141,56,0,147,38,4,23,6,25,59,43,79,14,10
71,20,15,1,5,7,3,0,5,4,0,0,1,2,6,9,13,1,0
73,60,53,17,17,97,25,0,63,21,0,4,4,11,30,30,29,5,2
78,28,18,1,2,21,9,0,8,2,0,2,0,2,6,13,18,3,0
86,30,27,12,11,14,9,0,27,17,0,2,2,6,16,17,17,5,1
89,39,60,76,81,325,27,4,74,39,0,33,12,11,58,22,16,9,4
90,3,4,1,2,22,5,4,32,2,0,1,3,1,18,4,6,1,0
91,172,114,35,29,123,84,7,154,59,1,84,16,42,42,103,175,15,15
93,46,56,4,17,36,8,0,26,19,0,3,1,2,23,22,22,4,4
96,33,22,2,4,17,14,0,27,5,1,3,2,7,8,12,24,5,1
98,22,27,17,17,31,6,0,31,13,0,11,7,5,13,20,14,3,0
103,74,96,52,82,147,61,2,168,62,4,13,26,22,51,33,58,12,8
107,11,13,1,3,13,7,0,17,4,0,1,0,1,5,5,9,3,3
112,23,16,4,3,8,11,0,19,5,0,2,1,5,3,15,15,4,1
119,97,71,32,26,70,48,4,88,27,1,6,1,11,18,37,66,12,4
121,15,8,2,2,16,10,1,24,3,0,2,1,2,16,3,20,5,3
124,8,12,5,5,19,11,0,23,2,1,1,0,5,7,7,12,2,0
130,10,10,1,2,9,6,0,12,3,0,1,0,0,2,4,9,2,1
134,16,11,5,5,8,8,0,14,3,0,3,4,2,5,6,11,2,3
135,84,56,6,16,106,43,2,77,39,1,21,9,23,30,46,80,7,3
137,33,33,5,8,34,18,6,75,14,5,13,5,11,27,27,28,19,3
140,161,107,12,44,127,117,3,330,28,5,6,11,41,108,34,169,63,39
141,47,55,22,22,85,24,0,50,27,0,5,7,6,23,28,26,5,2
144,30,34,13,17,50,19,2,51,18,0,6,8,8,39,9,27,6,3
145,7,10,3,3,7,7,0,9,2,0,0,2,1,3,3,9,1,1
151,9,13,5,13,37,2,0,12,12,0,6,4,1,8,4,14,0,0
155,20,20,7,9,25,7,0,5,5,0,1,1,0,4,10,7,2,1
156,42,45,10,19,185,65,3,203,31,12,5,20,34,94,19,55,28,6
159,8,17,12,9,39,2,0,38,12,0,0,4,1,36,3,6,3,0
160,68,44,20,29,64,47,0,100,32,2,22,17,24,29,54,69,14,1
161,4,14,13,15,21,3,2,9,8,0,1,7,1,10,5,3,0,0
166,79,50,15,15,50,50,2,81,28,3,12,3,19,28,33,64,11,3
167,39,51,25,28,80,23,0,31,39,1,6,13,5,18,28,21,4,1
169,41,53,24,46,143,23,3,101,42,0,6,50,6,79,23,29,10,3
171,21,22,8,11,31,18,0,34,15,0,3,8,8,8,10,19,2,5
177,144,150,81,104,284,102,3,328,114,6,39,64,51,192,68,143,27,9
178,21,16,2,3,20,15,2,38,6,0,3,0,6,18,10,26,8,1
179,26,18,2,4,30,14,0,22,4,0,3,1,4,9,9,29,3,1
182,173,120,24,20,259,164,12,443,62,11,37,17,72,137,99,206,54,9
185,3,12,12,14,17,3,0,20,7,0,0,12,3,19,1,6,1,0
186,84,95,16,36,72,17,1,67,44,3,20,17,15,41,87,59,7,4
191,9,7,3,4,25,12,4,46,4,1,0,0,4,18,2,17,3,0
200,97,84,11,22,164,45,1,108,38,3,8,16,13,88,40,63,11,3
201,34,30,5,9,56,10,0,33,14,0,6,3,5,32,33,23,3,2
202,125,90,12,16,105,57,3,222,32,6,10,9,35,79,61,103,30,16
206,7,8,3,4,8,2,0,12,3,0,0,3,3,8,3,9,0,1
213,34,28,7,10,21,7,0,28,16,0,12,1,7,10,16,31,4,0
214,4,5,2,3,6,1,0,8,4,0,0,2,2,5,3,5,0,0
216,14,16,15,15,96,19,1,52,15,9,2,20,8,36,6,18,5,3
217,163,126,22,52,171,62,0,106,43,3,17,18,25,39,72,123,16,7
219,159,101,32,23,134,89,3,117,39,8,19,8,46,40,74,143,10,4
220,85,75,24,25,68,33,1,52,21,0,3,8,9,20,49,57,6,5
223,25,23,8,9,21,10,1,24,13,1,1,3,7,15,13,21,2,1
226,85,97,32,58,229,67,6,139,65,0,21,28,31,64,53,70,8,7
229,20,13,2,5,28,14,0,28,6,0,2,1,1,13,5,22,3,1
232,216,144,44,72,274,112,14,279,81,1,50,33,48,125,90,194,31,6
233,34,29,10,10,33,37,1,74,17,1,4,3,13,16,16,33,9,1
234,74,86,35,67,66,21,0,42,37,0,9,20,8,18,38,26,3,7
239,120,80,15,17,78,72,4,117,34,2,6,4,23,37,60,96,16,6
240,44,38,10,29,54,11,0,39,20,0,6,8,3,23,21,28,5,5
247,51,54,20,22,31,29,0,64,26,1,3,7,19,15,29,38,8,2
249,437,268,73,63,384,184,5,310,113,4,78,22,82,110,226,335,37,16
252,10,17,19,15,20,1,0,14,14,0,0,4,2,5,6,2,0,0
254,36,32,6,8,23,31,4,60,10,2,8,2,19,15,24,46,7,1
263,41,46,20,22,91,22,6,100,19,2,2,11,9,86,17,23,11,1
264,14,21,7,10,8,1,0,15,10,0,3,6,4,7,15,10,5,0
269,9,8,2,5,9,5,0,9,3,0,1,2,2,5,3,13,0,0
270,10,8,2,3,12,6,0,11,3,0,0,2,3,9,3,11,0,0
273,8,9,6,9,32,8,0,21,6,0,3,5,1,14,6,10,1,0
274,340,226,86,120,397,182,13,346,132,7,197,41,91,93,174,348,30,23
275,34,31,11,13,180,72,14,205,22,9,3,6,24,87,21,62,15,5
276,11,18,6,11,26,0,0,7,7,0,1,3,1,5,8,5,2,0
277,13,12,2,4,14,1,0,2,5,0,0,1,1,3,10,10,0,0
279,84,45,2,2,32,45,0,60,12,1,10,1,19,8,48,63,10,4
280,21,25,8,21,102,23,1,90,26,0,3,10,10,77,7,19,6,0
282,58,47,15,18,100,60,4,108,24,0,5,10,17,33,26,57,13,3
283,6,4,1,4,20,5,0,10,4,0,2,0,0,6,4,5,2,0
288,179,213,66,132,344,102,4,360,97,6,53,48,53,141,132,163,54,34
290,30,35,7,11,61,47,5,164,12,10,20,11,27,47,17,54,23,7
291,15,26,6,6,4,2,0,7,15,0,0,0,3,2,9,5,1,0
292,195,160,45,66,113,52,1,98,52,0,9,13,20,38,93,117,13,8
293,4,2,1,1,3,3,0,6,1,1,1,0,1,2,2,4,1,0
304,76,58,13,22,67,24,0,78,20,0,8,12,8,52,47,52,14,7
307,96,100,33,47,224,95,2,207,66,5,43,29,44,87,51,118,13,8
314,35,26,8,13,40,14,0,41,14,0,5,6,7,25,19,28,6,3
322,18,17,3,5,37,16,1,44,10,2,2,1,9,18,10,27,5,0
323,16,15,6,9,20,14,0,37,6,0,4,4,5,12,13,20,5,0
328,50,67,33,42,66,31,1,61,42,0,8,20,10,24,31,30,8,4
330,58,52,13,21,80,37,0,94,31,0,18,13,17,32,45,48,12,4
332,88,62,10,12,60,53,1,122,30,4,12,6,18,31,47,66,24,4
334,46,56,25,22,62,15,1,51,28,0,7,7,10,39,29,26,3,1
336,19,8,3,3,18,18,0,30,4,1,4,0,7,13,3,19,7,1
337,23,14,1,5,22,13,0,35,5,0,2,2,6,14,10,28,3,2
339,84,74,16,17,80,61,15,210,21,5,26,2,38,45,62,111,43,6
341,15,16,5,8,37,6,0,11,8,0,1,1,1,8,9,9,2,1
347,17,17,4,6,18,4,0,15,5,0,1,3,4,12,9,16,3,2
350,14,15,3,4,18,4,0,7,6,0,2,2,2,7,9,15,0,0
353,27,15,4,7,28,20,1,28,5,0,6,3,4,13,7,30,4,5
357,51,67,32,49,158,51,21,176,55,2,23,39,27,97,37,56,14,8
359,12,19,4,8,18,6,0,34,6,0,2,2,4,17,12,16,2,2
364,12,10,2,3,3,3,0,5,2,0,0,2,3,2,5,13,0,0
367,22,27,10,24,89,11,0,72,17,1,9,8,6,48,15,15,3,4
372,51,33,5,11,51,35,1,89,13,2,12,8,15,39,21,56,17,6
373,17,12,6,12,19,15,0,36,10,0,4,4,7,14,7,26,4,2
378,16,13,6,6,8,18,0,29,8,0,1,1,5,1,6,17,4,1
380,545,354,142,147,321,185,4,284,190,3,165,48,85,79,295,403,31,20
381,117,155,66,79,168,38,7,144,93,0,18,30,25,83,72,94,9,4
382,111,106,27,37,81,33,0,68,47,0,11,9,12,50,48,73,11,3
385,52,46,15,24,59,29,1,79,23,2,7,18,7,31,31,35,12,8
389,14,11,1,1,11,5,0,8,3,0,0,0,3,6,5,15,0,0
391,62,54,12,15,104,58,3,173,23,8,13,18,37,71,37,84,19,6
396,1,5,8,8,11,5,0,8,4,0,0,2,3,4,0,5,0,0
399,17,20,6,6,9,5,0,12,7,0,2,0,1,3,8,7,4,0
401,15,46,48,44,39,1,0,12,29,0,1,12,1,15,10,2,1,1
411,26,20,3,9,36,15,1,53,6,0,4,3,8,25,9,34,6,5
414,501,361,110,139,780,344,58,1120,173,13,92,89,129,395,256,472,112,43
420,38,35,12,10,59,14,6,60,24,2,18,11,11,22,30,34,14,0
422,16,7,1,4,17,8,0,34,4,3,6,1,8,9,7,14,9,6
434,74,57,19,14,58,48,1,86,24,0,14,4,17,25,46,60,13,2
436,22,21,10,28,49,10,0,37,14,0,2,7,2,17,5,24,3,3
438,238,129,35,32,214,91,9,186,54,2,12,17,22,108,88,152,21,6
443,13,13,1,1,7,8,0,23,7,0,5,0,3,7,11,11,2,0
448,320,250,72,96,569,184,18,372,92,3,25,47,59,135,155,240,38,39
451,12,10,2,3,12,5,0,10,3,0,1,2,2,9,4,17,0,0
453,82,51,11,11,147,56,1,111,16,1,10,6,21,59,35,82,17,3
456,10,10,3,6,18,4,0,12,6,0,2,2,4,10,5,12,0,0
460,26,28,12,13,23,14,0,41,15,0,4,1,11,14,20,23,3,0
468,9,8,3,4,9,7,0,12,4,0,1,2,2,4,3,11,2,2
469,114,89,7,15,153,70,0,177,33,13,34,12,38,67,91,114,25,11
470,26,21,4,8,28,17,0,34,9,0,1,4,5,17,8,30,6,2
471,10,8,6,6,13,4,0,12,6,0,1,1,1,6,5,7,5,0
474,172,218,70,105,569,212,90,1047,113,46,73,112,126,430,122,302,101,41
476,14,17,11,19,26,7,0,32,8,0,0,6,3,22,4,19,3,2
477,168,156,77,70,228,57,8,217,94,6,39,18,51,65,173,118,19,8
480,149,121,34,43,235,104,12,304,74,4,39,26,51,99,68,135,37,10
483,182,170,86,71,292,88,5,225,122,3,27,38,47,140,112,112,24,9
484,38,26,28,41,150,43,1,77,30,1,18,20,24,53,18,43,4,0
488,7,22,14,15,51,10,2,41,17,2,3,8,4,27,2,6,4,1
490,17,18,6,5,30,14,0,50,13,0,1,1,7,20,10,19,3,0
492,39,27,5,14,54,13,0,30,10,0,8,4,5,14,15,42,1,0
500,8,16,20,17,52,5,0,21,12,0,2,10,2,20,6,6,1,0
504,5,8,3,5,45,18,3,51,10,0,1,2,5,31,2,15,2,1
509,93,140,97,103,162,35,1,141,102,2,12,41,22,98,68,46,5,6
514,74,59,22,32,109,39,4,112,32,2,39,16,19,37,49,66,8,6
517,17,49,27,52,65,14,0,79,40,0,2,34,8,50,11,14,14,2
522,67,50,10,5,56,43,2,74,18,1,4,6,18,18,48,46,8,2
524,60,44,2,4,31,13,0,36,11,1,5,2,5,13,24,38,11,5
525,107,128,73,85,198,41,28,167,70,1,9,56,16,114,66,65,12,2
529,8,10,2,4,8,0,0,2,5,0,0,2,2,2,4,7,0,0
533,12,8,3,3,14,6,0,12,5,0,22,1,5,4,12,13,1,1
534,267,234,81,81,206,55,0,94,106,1,32,22,18,52,146,114,16,6
541,24,21,9,9,30,13,0,30,5,0,5,5,4,16,7,26,3,4
544,7,6,1,1,6,1,1,8,1,0,1,0,2,4,3,7,0,0
550,15,14,4,3,6,6,0,11,2,0,0,0,1,3,15,8,3,0
555,113,86,8,27,240,57,1,171,37,1,58,10,28,84,103,104,16,10
559,52,38,14,21,51,17,0,40,18,0,5,12,5,25,24,38,4,2
560,143,94,33,19,143,77,9,187,54,2,21,15,41,64,92,121,16,9
561,180,130,22,28,146,69,0,142,57,5,36,9,36,44,105,114,34,5
562,50,36,11,15,80,40,1,113,20,2,55,5,20,53,34,71,8,1
567,31,39,22,12,34,12,0,76,20,1,5,1,14,16,37,28,11,2
570,63,55,8,11,46,25,0,77,22,0,10,2,15,33,47,53,9,1
572,27,26,5,5,50,21,0,80,5,1,3,2,12,40,14,25,20,6
573,134,97,24,26,90,57,3,82,35,2,26,9,25,22,64,97,17,2
579,19,16,17,19,29,4,0,32,8,0,2,12,5,22,11,14,5,0
580,147,102,15,17,73,82,2,164,31,3,26,5,40,51,126,146,20,11
584,28,18,5,10,28,12,0,30,7,0,4,5,5,16,13,28,3,1
587,24,27,3,9,107,20,0,75,11,2,1,6,9,53,22,18,6,5
590,182,152,32,56,179,110,2,267,63,22,30,34,57,94,85,157,45,24
596,159,136,48,43,102,51,2,126,70,2,17,20,36,57,113,75,7,3
597,98,66,8,19,188,66,2,181,31,11,15,15,35,82,35,92,21,8
599,371,224,90,62,325,236,41,545,106,22,68,31,94,153,214,274,49,24
601,37,40,21,18,20,17,1,49,19,0,1,0,12,16,20,25,8,1
603,110,71,2,11,249,125,26,456,40,22,63,27,63,174,54,165,26,17
604,31,19,7,13,27,19,0,38,12,0,22,4,4,13,16,29,2,2
605,54,85,21,44,68,7,1,49,109,0,10,20,7,53,22,17,8,3
607,67,39,5,17,48,25,0,77,21,0,34,4,17,26,31,58,5,2
609,11,10,1,2,7,6,2,19,1,0,2,0,0,5,5,14,4,1
610,440,242,64,51,377,246,5,453,131,10,261,12,111,108,213,435,44,32
6,60,46,14,46,113,29,0,135,25,1,19,12,14,67,19,63,11,11
8,10,8,1,4,21,8,0,18,4,0,2,1,3,14,4,15,3,1
20,28,66,61,99,86,19,2,64,40,0,9,55,13,37,15,24,4,0
51,69,57,13,21,145,43,2,106,35,3,43,12,18,62,49,65,11,7
62,161,128,11,21,87,63,0,142,66,1,21,5,42,42,110,111,18,5
82,103,59,8,11,94,46,1,36,19,0,13,5,10,27,34,54,7,8
94,16,16,2,6,17,9,0,19,5,0,1,2,2,6,7,18,4,3
104,42,72,42,55,164,15,0,63,45,1,2,40,7,90,25,22,7,2
117,42,31,14,25,56,23,0,71,17,0,5,13,6,40,16,44,9,5
122,102,82,23,19,117,59,2,111,35,1,38,4,27,25,80,88,11,8
125,101,67,27,19,136,48,0,145,40,2,24,5,24,54,81,82,10,4
221,44,36,4,6,99,79,12,191,18,18,14,5,40,53,22,62,27,17
284,34,22,2,5,51,13,0,13,8,0,0,2,2,19,13,24,2,3
294,62,59,9,21,160,47,1,59,31,1,9,8,8,26,35,31,8,7
299,12,6,0,1,2,2,0,5,1,0,7,0,1,1,4,8,2,1
305,248,140,25,31,155,143,0,278,56,4,57,11,56,62,139,224,42,14
308,13,32,14,19,19,2,1,16,21,0,0,8,0,13,9,5,0,0
318,211,173,87,66,269,133,87,396,107,14,29,26,68,101,146,183,43,10
321,17,15,3,8,28,8,0,17,7,0,2,3,3,16,9,19,2,0
395,22,19,7,17,20,7,0,13,10,0,0,6,2,11,10,12,3,2
425,115,80,16,21,86,61,0,126,26,1,30,7,28,43,59,104,16,3
426,9,25,15,18,33,6,0,31,17,0,0,6,2,23,8,4,1,0
432,65,50,13,16,34,51,0,130,17,1,20,4,34,54,41,87,14,1
446,19,16,5,8,29,11,0,31,8,0,2,5,6,21,10,24,3,2
447,32,17,5,10,26,15,0,33,8,0,4,5,3,16,7,31,4,6
458,20,14,4,6,22,8,0,27,4,0,0,4,1,21,6,21,4,1
475,96,102,24,26,45,12,0,21,38,0,3,3,4,10,79,40,4,1
482,52,33,3,8,40,11,0,34,14,0,5,3,7,21,22,35,1,1
501,11,12,3,5,13,10,0,13,1,0,2,1,4,6,5,17,1,0
512,19,12,3,5,12,9,0,23,5,0,2,3,5,9,8,21,5,2
523,23,29,24,14,21,12,0,39,28,0,4,4,3,18,12,13,4,0
527,43,82,16,38,47,7,1,51,27,1,20,19,10,21,37,32,7,3
566,19,15,1,2,28,8,0,28,4,0,1,1,3,23,9,20,6,3
586,113,116,50,53,63,22,0,47,45,0,5,6,9,21,68,50,7,3
592,38,29,5,8,36,18,0,24,12,0,5,4,4,14,15,30,3,6
594,83,38,5,14,84,20,1,72,14,0,14,8,6,86,34,47,6,1
600,64,105,46,74,248,44,12,185,102,3,39,48,26,104,59,72,10,9
602,41,25,2,6,31,28,1,59,6,2,3,2,10,22,14,51,7,3
42,90,56,5,7,162,56,3,153,19,1,11,7,24,78,30,92,18,11
58,24,15,8,10,44,16,0,46,10,0,1,9,6,28,8,32,5,3
100,25,17,2,6,82,12,0,71,10,0,1,12,5,79,6,16,6,5
102,22,13,2,4,21,13,0,18,0,0,2,2,3,14,4,23,3,5
116,25,16,3,4,25,7,0,24,6,0,4,7,5,24,10,18,5,1
150,10,7,0,1,9,4,0,10,2,0,0,1,3,5,3,15,0,0
302,12,7,0,0,6,9,0,15,0,0,0,0,4,6,5,16,1,2
368,151,69,0,1,53,80,0,149,9,6,25,6,37,38,50,165,44,10
410,3,8,1,2,86,31,2,97,11,10,2,4,15,41,2,21,7,2
588,15,8,1,1,9,15,0,26,0,0,2,1,5,5,4,22,4,2
14,9,8,0,2,12,4,0,24,0,0,1,1,2,14,2,11,4,4
84,31,24,2,17,112,32,4,165,16,3,11,17,15,92,14,46,17,8
162,5,3,1,1,10,9,0,35,1,0,0,1,1,14,1,9,3,2
111,108,88,44,47,361,70,19,107,53,0,16,22,25,87,29,69,5,3
120,6,8,2,3,8,2,0,6,2,0,1,2,2,5,3,5,0,0
147,4,2,1,1,8,3,0,3,1,0,1,1,0,3,2,2,1,1
170,18,12,5,8,14,6,0,23,3,0,1,5,1,12,3,18,4,4
181,22,14,4,8,36,14,0,40,8,0,3,6,4,20,3,33,4,3
402,22,11,2,3,17,11,0,19,2,0,1,3,1,9,6,23,1,0
521,10,9,1,3,14,9,0,20,4,0,0,2,5,10,5,16,0,0
11,41,17,0,0,10,12,0,23,0,0,1,0,3,13,8,30,6,2
23,27,18,10,3,24,39,2,75,14,11,3,0,22,11,17,37,5,3
24,54,32,2,2,47,23,0,38,15,0,4,1,13,29,25,33,7,0
28,121,77,4,2,52,90,1,220,19,4,15,3,34,22,87,115,39,20
68,314,227,63,76,378,141,31,365,99,3,58,35,56,224,142,245,36,17
79,37,19,0,0,13,11,5,20,4,1,6,4,2,6,14,22,5,0
105,163,137,105,61,240,132,22,361,86,6,30,14,70,123,93,147,44,7
109,25,16,6,11,45,20,1,61,8,1,5,6,5,24,11,36,6,6
195,41,24,2,4,46,36,0,99,6,2,9,1,14,23,16,49,13,3
199,65,36,0,1,102,77,5,174,8,4,9,1,25,64,20,72,39,7
244,42,23,0,1,17,12,0,34,6,1,5,0,3,12,15,31,13,3
266,60,37,2,2,63,33,1,43,15,1,7,5,6,9,29,42,9,1
286,28,19,6,9,35,25,0,52,10,1,10,3,7,20,10,36,5,1
297,14,4,0,0,3,21,0,18,0,1,1,0,7,2,1,34,1,0
312,65,49,0,2,42,30,1,90,16,5,63,4,29,20,81,79,22,3
313,121,83,9,12,60,49,0,75,44,3,58,5,24,26,96,102,9,5
317,45,16,1,1,29,66,5,109,2,5,10,1,21,22,16,73,13,1
325,36,42,6,12,87,50,0,117,26,9,23,10,28,32,32,74,5,4
362,40,22,5,4,14,45,0,55,11,3,14,3,18,7,19,48,6,4
386,18,10,1,3,15,12,0,15,1,0,4,1,6,4,7,22,2,3
400,17,12,1,1,6,18,0,22,5,0,2,0,5,2,12,15,1,0
437,24,17,0,2,34,24,1,80,4,0,0,0,8,27,11,23,13,2
444,11,3,1,3,12,16,0,20,5,0,2,1,3,8,4,17,4,1
486,35,25,1,2,11,15,0,13,6,0,2,1,4,7,11,28,4,2
493,45,17,0,0,10,15,0,18,4,0,3,0,0,5,12,19,3,2
532,28,8,0,0,3,21,0,27,1,1,6,0,3,5,9,21,5,1
553,18,7,0,0,21,47,4,51,1,1,0,0,7,11,4,35,1,0
577,65,55,2,10,32,18,0,79,8,0,8,3,7,22,40,33,22,4
95,56,44,5,5,54,35,2,70,10,3,5,2,12,28,56,44,4,0
188,2,1,2,4,22,1,0,22,4,3,0,14,9,16,1,9,4,1
262,4,3,1,1,18,9,0,28,3,1,1,1,2,13,2,11,0,0
489,113,102,32,34,169,62,3,204,65,2,36,31,34,134,64,101,20,7
498,12,12,2,3,12,6,0,14,0,0,0,2,2,4,3,14,3,1
513,8,9,1,1,9,3,0,12,4,0,1,1,2,5,6,7,4,3
26,8,4,0,1,5,8,0,8,0,0,1,0,1,2,0,13,1,0
34,42,22,7,1,23,9,0,17,10,0,8,0,5,13,17,22,2,2
56,24,12,1,2,16,13,0,17,3,0,3,1,2,4,9,21,3,0
59,31,20,2,2,21,16,2,58,5,6,5,0,17,20,12,39,24,0
99,17,7,1,1,18,13,0,18,0,0,2,1,2,10,2,20,2,3
136,31,18,4,7,35,16,0,32,8,0,7,4,5,16,11,26,6,4
173,8,7,2,4,11,2,0,10,3,0,1,2,0,7,4,5,3,0
174,22,19,2,5,27,8,0,23,5,0,1,2,5,14,10,22,3,4
176,18,14,1,1,11,7,0,12,1,0,1,1,1,4,5,16,2,4
192,11,8,0,0,5,5,0,12,1,0,1,0,2,3,4,13,3,3
243,23,11,3,6,13,9,0,8,5,0,0,3,1,6,4,15,4,0
248,32,34,7,6,12,2,1,3,8,0,0,0,2,2,25,9,0,0
301,15,19,5,7,28,18,0,49,10,0,0,3,5,23,6,24,4,1
331,51,45,14,11,48,37,0,66,21,1,11,5,10,20,25,48,9,3
340,16,11,1,1,4,8,0,12,1,0,1,1,1,2,8,15,3,1
349,10,6,3,5,12,8,0,20,4,0,2,3,0,11,2,14,4,2
354,89,52,6,11,66,43,3,84,13,1,20,4,22,42,53,83,12,3
361,36,20,4,3,37,11,0,22,5,0,3,4,3,12,9,22,5,0
376,68,46,10,12,34,24,0,39,14,2,6,1,12,20,39,47,9,2
387,150,138,40,35,233,172,9,401,82,25,105,26,104,107,96,248,35,17
408,76,51,1,5,49,29,1,37,28,0,2,3,14,9,30,41,9,1
419,46,15,1,0,27,29,15,66,3,0,18,1,13,11,23,55,17,0
441,25,19,2,1,20,9,0,8,8,0,5,0,4,2,12,10,1,0
452,111,66,3,3,59,39,0,54,13,1,23,3,22,21,61,83,9,1
462,42,26,4,3,100,56,65,176,17,9,18,10,16,35,26,61,26,7
485,10,8,1,1,4,5,0,9,0,0,1,1,0,3,3,11,3,1
520,59,60,10,12,85,23,1,48,28,1,12,3,10,22,59,33,5,2
531,8,13,0,1,3,2,0,5,2,0,1,1,0,2,5,5,0,1
557,13,15,3,3,6,3,0,6,4,0,1,0,1,3,7,6,2,0
569,11,10,2,2,7,7,0,5,1,0,0,2,1,4,3,11,1,1
608,215,138,40,43,188,125,4,222,73,3,75,19,60,62,121,223,17,6
35,4,5,1,2,10,4,0,8,2,0,0,1,1,8,1,4,0,1
38,14,12,4,7,31,7,1,29,6,0,1,4,3,21,3,15,6,3
113,5,5,3,8,51,14,0,78,7,2,7,5,16,71,3,24,5,0
235,14,12,6,9,22,8,1,29,5,0,1,6,3,18,5,18,4,1
404,19,9,2,3,19,9,0,35,3,0,3,2,2,19,7,20,6,4
455,15,10,4,5,18,10,0,31,5,0,2,4,2,15,5,20,6,3
530,7,5,0,1,9,3,0,15,1,0,1,0,1,9,4,12,2,1
351,23,11,4,5,25,34,0,90,9,1,14,3,16,28,14,49,7,0
606,97,114,39,42,358,117,5,655,83,8,40,43,85,328,63,163,61,13
61,10,4,0,0,4,13,0,18,4,0,5,0,5,3,8,15,3,3
88,16,7,0,0,9,17,0,31,5,0,3,0,9,2,6,20,4,2
187,52,36,22,7,54,59,17,128,31,8,32,4,26,21,31,71,13,5
257,8,5,1,1,8,4,0,3,3,0,0,2,1,3,1,4,0,0
261,14,2,0,0,12,17,0,28,1,0,0,0,9,4,12,16,4,1
289,3,1,1,1,10,3,3,9,3,0,1,3,0,4,2,2,4,2
298,142,112,35,11,194,70,8,149,57,4,18,7,31,45,110,89,12,5
405,28,14,3,0,28,37,0,79,14,6,12,1,27,12,26,42,6,3
413,19,3,0,0,15,20,0,26,5,0,2,0,1,10,0,11,5,3
427,18,9,0,0,10,12,2,33,7,0,1,0,10,11,9,21,7,1
464,48,33,1,4,16,29,0,53,5,1,4,1,13,18,27,48,12,4
585,9,3,2,1,16,32,1,43,1,1,0,0,9,2,3,21,2,0
132,36,41,22,30,95,47,1,138,43,4,15,25,25,87,27,55,6,1
198,42,31,4,5,52,33,0,110,9,3,10,1,22,43,48,48,12,3
227,29,20,4,3,16,23,4,60,6,1,1,2,9,14,20,30,11,1
246,72,66,31,26,64,24,0,93,50,3,7,4,24,46,46,53,5,5
346,10,4,1,0,30,37,2,111,8,5,22,1,25,25,2,40,5,1
412,12,10,1,2,46,18,5,34,5,5,4,1,15,25,5,20,1,1
445,18,17,4,4,22,15,0,38,11,0,3,1,7,14,10,22,9,1
256,68,60,15,21,69,22,1,51,16,0,8,1,6,28,58,44,4,3
295,10,4,0,1,4,17,0,19,1,1,1,0,6,4,2,15,1,1
222,56,23,4,3,74,52,1,85,6,2,3,3,12,28,21,39,11,4
369,32,23,4,3,59,21,4,30,8,0,2,9,9,10,23,26,6,1
495,73,45,7,6,85,51,2,120,15,2,9,5,19,30,36,65,15,1
497,7,5,3,2,7,10,0,25,1,0,3,1,6,8,4,11,4,0
552,37,40,10,12,63,22,0,68,17,2,6,14,10,27,23,29,10,2
565,6,5,1,2,13,7,0,10,1,0,0,1,3,7,1,11,2,1
326,32,23,0,0,16,37,4,116,6,1,3,1,12,17,7,47,24,1
4,18,23,6,9,83,22,2,92,15,3,4,15,16,45,6,27,5,8
115,34,29,13,13,43,11,0,23,11,1,18,9,11,6,16,28,6,12
242,9,10,1,2,11,8,0,16,2,0,2,1,2,4,5,16,2,3
356,61,50,8,10,170,45,0,143,24,2,4,10,13,70,37,50,14,3
429,16,12,3,7,19,6,0,29,3,1,1,3,3,22,5,14,3,4
342,9,8,2,3,25,7,0,20,2,0,5,0,3,6,5,16,0,0
479,13,18,11,16,76,12,1,63,12,0,4,12,4,36,14,17,4,4
108,7,10,2,3,28,5,0,44,2,0,0,1,4,36,11,9,1,1
589,4,5,0,3,9,8,1,25,2,0,1,0,2,7,3,14,3,1
506,2,2,0,1,14,6,1,24,3,0,2,1,1,18,3,4,1,1
253,1,3,4,0,16,5,8,29,5,1,0,2,5,8,2,7,1,1
260,14,16,15,7,53,31,12,69,17,2,11,4,12,22,13,31,2,0
267,24,18,0,2,12,3,0,20,5,0,7,1,4,7,24,20,2,1
268,21,11,0,0,38,19,0,45,4,3,2,2,9,12,11,19,3,1
287,7,13,2,4,39,10,2,40,15,1,1,4,4,17,8,8,5,0
440,5,7,2,1,9,1,0,18,3,1,4,0,3,4,18,9,1,1
576,5,5,2,1,7,2,0,3,5,0,3,0,1,1,3,4,0,0
47,4,8,0,2,16,15,7,81,2,0,1,4,6,17,5,13,5,1
131,14,13,1,0,10,21,1,35,5,1,3,0,9,6,12,22,5,0
203,18,17,3,4,10,10,0,16,11,0,1,0,3,2,8,15,2,1
39,27,28,20,19,25,23,0,31,15,1,12,13,7,8,18,22,1,1
72,17,10,0,0,8,8,0,20,0,0,3,0,4,8,9,14,4,1
80,77,33,1,3,11,43,0,70,13,1,47,0,36,4,55,118,6,0
81,9,5,0,0,2,6,0,6,0,0,0,0,2,1,5,10,2,0
133,10,5,1,1,8,8,0,11,1,0,1,1,3,4,4,15,3,0
146,2,2,2,5,9,5,0,11,5,0,2,0,4,9,2,6,1,0
149,21,14,2,1,4,1,0,4,1,0,6,0,1,1,31,12,1,0
237,15,5,1,1,11,13,0,23,2,0,1,0,7,6,8,19,3,0
259,4,7,3,4,13,2,0,8,4,0,0,1,1,7,4,2,0,0
265,37,34,0,4,29,16,0,91,6,0,3,2,6,22,52,28,10,3
271,4,7,1,1,6,4,0,17,2,1,6,2,2,3,10,10,1,0
303,29,23,0,1,11,1,0,11,1,0,4,0,3,3,39,19,1,0
345,7,8,0,1,25,2,0,33,3,0,12,2,5,22,9,9,2,0
375,9,7,3,4,10,6,0,16,2,0,1,2,4,8,4,6,1,0
377,27,27,4,9,39,6,3,44,19,1,16,6,8,10,42,17,9,3
398,6,12,8,5,16,3,3,20,13,0,2,3,4,11,7,5,0,1
424,17,2,4,2,38,40,0,67,7,4,17,3,34,11,7,60,2,1
449,6,2,0,0,8,10,1,15,0,0,0,0,4,4,1,8,5,0
126,13,9,3,4,7,8,0,13,2,0,1,3,1,5,4,14,3,1
142,13,9,3,4,9,9,0,17,2,0,1,3,2,6,3,19,3,1
379,12,9,1,2,8,5,0,16,1,0,1,1,1,6,5,12,4,1
394,8,4,0,1,5,5,0,6,1,0,0,0,1,3,1,7,2,1
430,14,16,7,8,19,8,0,27,7,0,2,0,7,11,14,11,1,0
507,8,5,1,2,4,4,0,9,1,0,2,1,1,6,3,8,3,2
593,15,19,6,8,23,14,0,39,8,1,1,6,5,26,6,11,5,0
70,3,8,1,4,18,6,2,50,4,0,1,0,2,14,6,2,5,1
12,2,2,1,0,18,1,0,16,4,0,0,0,0,21,3,3,1,0
224,4,4,1,3,33,3,0,19,8,0,1,0,1,26,2,3,3,0
230,42,34,8,10,30,11,0,21,15,0,11,4,5,12,22,31,1,0
370,32,18,4,3,33,21,1,30,10,1,5,0,8,17,12,23,1,0
409,11,9,0,2,70,19,1,45,7,0,7,5,2,17,6,12,5,3
564,24,13,0,1,133,23,0,34,4,0,1,1,4,45,6,12,2,1
583,1,9,10,11,39,3,0,11,7,0,2,8,0,21,0,1,1,0
311,5,4,1,1,4,0,0,6,1,0,1,0,0,4,3,2,1,1
9,6,9,1,1,13,6,0,18,2,1,0,1,3,4,5,6,2,1
467,4,0,0,0,3,0,0,12,0,0,0,0,0,7,0,1,8,1
250,2,4,4,4,6,3,0,16,2,0,1,3,2,7,2,8,1,1
316,9,5,0,1,17,8,1,10,6,1,6,3,4,3,5,13,0,0
502,2,5,3,3,10,5,0,11,2,0,4,4,1,2,8,6,1,1
536,7,6,0,0,10,2,0,18,0,0,2,0,2,2,4,11,3,3
13,10,6,0,0,10,3,0,14,1,0,5,0,2,6,5,10,2,1
15,39,41,15,12,21,14,0,48,9,0,11,3,10,12,47,34,5,1
16,23,20,12,8,24,23,1,46,16,5,5,0,13,12,16,29,10,1
41,18,19,12,8,72,40,0,105,13,2,7,2,15,49,8,40,7,2
76,25,16,0,0,22,33,1,38,6,0,14,0,12,2,18,34,7,3
110,12,5,0,1,18,13,1,29,0,0,1,0,4,8,2,13,6,0
123,24,14,3,2,5,19,0,34,5,0,1,0,10,3,16,31,3,1
129,75,67,22,18,38,14,0,35,29,1,6,9,9,24,41,35,8,0
152,15,9,1,1,15,21,4,40,2,1,1,1,8,7,7,24,6,0
204,16,11,13,10,25,22,0,38,11,3,7,0,11,6,10,29,7,1
241,10,7,4,1,18,13,0,64,4,0,2,4,9,20,10,21,6,1
251,6,3,2,2,5,8,2,14,3,0,1,0,2,3,1,9,4,0
352,95,77,11,9,54,47,0,121,39,2,36,2,38,31,78,106,12,3
403,9,6,1,1,9,10,0,18,1,0,1,0,5,5,4,12,3,1
415,23,13,1,2,28,27,1,46,3,5,3,2,13,20,7,28,4,3
417,15,14,2,3,10,20,0,41,8,0,5,0,13,9,14,25,3,0
433,6,2,0,0,4,13,0,11,0,0,1,0,5,1,2,11,1,0
505,9,2,4,5,8,3,0,9,6,0,16,4,4,1,6,11,0,0
540,21,14,1,2,12,9,0,9,6,1,4,1,5,2,12,16,1,0
542,19,20,13,15,44,17,0,35,13,0,4,9,8,17,20,25,1,1
551,71,46,6,5,19,27,1,42,9,1,3,0,12,11,32,49,11,0
574,7,8,2,2,7,5,0,9,1,0,1,2,1,3,3,9,2,0
48,21,12,4,4,7,2,0,8,5,0,3,2,2,4,18,14,0,0
60,3,6,2,5,2,6,0,15,2,0,0,2,2,5,0,6,3,0
371,15,19,12,5,6,5,0,15,14,1,4,2,5,6,14,11,0,0
435,17,9,2,3,9,14,0,22,2,0,0,1,6,4,8,15,0,2
563,13,24,17,30,115,8,0,79,22,0,5,23,3,97,10,9,4,0
29,29,20,1,2,9,15,2,49,3,1,2,2,7,6,17,20,22,9
69,18,11,0,0,9,7,0,18,1,1,5,0,5,4,16,13,2,4
197,13,3,0,0,10,10,0,15,0,0,1,0,2,6,8,12,2,2
211,47,31,5,6,20,29,0,33,8,1,2,4,11,7,22,35,7,0
215,20,15,0,1,37,20,1,51,8,1,2,0,9,25,7,16,8,0
228,14,7,2,1,1,4,0,6,1,0,5,0,2,1,11,12,1,0
278,1,1,1,1,9,3,0,8,0,0,1,1,3,2,1,3,2,1
296,7,5,3,1,3,6,1,15,4,0,0,0,3,4,3,7,6,1
309,14,18,1,3,12,17,0,68,7,7,3,1,12,17,5,20,16,5
327,5,5,3,5,25,12,0,15,1,0,4,0,4,8,2,4,1,1
335,10,3,0,0,11,6,0,9,0,0,1,0,1,6,4,8,3,2
338,4,3,0,0,3,9,1,11,1,0,2,0,3,1,3,8,2,0
343,13,14,7,3,11,19,3,28,7,1,3,0,6,6,8,15,2,1
348,16,11,0,0,13,21,1,34,5,0,3,1,9,8,4,16,7,1
363,7,7,0,0,9,4,0,9,2,0,1,0,1,5,2,4,0,0
418,11,20,0,1,19,16,1,49,14,2,2,2,11,14,12,21,4,1
472,4,5,0,0,9,8,0,15,5,0,1,0,2,2,3,5,0,0
510,19,13,1,3,32,18,1,40,6,2,3,1,6,14,7,14,5,1
515,14,7,1,1,1,10,0,13,1,0,1,0,4,2,10,8,5,0
568,1,3,0,1,10,3,0,15,1,0,1,2,1,4,2,5,3,1
595,3,3,2,2,6,3,0,10,3,0,0,1,2,5,4,5,0,0
85,0,1,0,1,4,0,0,25,1,0,0,0,2,6,1,1,2,0
74,13,11,0,0,26,34,1,157,6,4,9,1,15,28,7,46,11,5
310,13,9,6,6,27,7,1,20,2,0,0,1,2,12,3,5,7,2
87,2,5,3,5,9,0,0,11,5,0,2,1,1,2,6,3,0,0
355,9,10,2,4,14,3,0,6,5,0,0,2,1,7,9,3,1,1
384,6,11,2,3,20,12,0,22,3,0,2,0,3,11,6,17,5,1
196,13,11,2,2,2,5,0,15,1,0,2,1,3,0,6,9,3,0
539,10,15,10,11,25,4,0,9,8,0,2,1,0,6,2,0,1,0
225,10,12,2,2,47,6,0,13,8,0,20,2,6,14,8,12,0,0
428,69,39,12,7,51,21,2,51,21,1,20,6,9,19,46,48,12,2
548,12,7,0,0,8,5,1,11,1,0,0,0,1,3,5,4,2,0
546,13,7,0,1,10,4,0,14,2,0,17,0,2,3,10,15,1,0
421,2,5,1,3,8,3,0,27,2,0,1,0,2,8,1,5,5,2
454,5,4,2,0,8,11,0,23,3,1,14,0,14,5,4,21,2,0
558,10,11,3,6,16,10,0,28,11,0,3,2,5,12,3,18,4,0
465,42,21,1,1,15,34,0,55,3,8,8,2,21,17,23,65,22,4
207,4,5,0,0,3,1,0,5,2,0,3,0,0,1,2,6,0,1
365,51,36,4,8,94,23,0,34,19,0,7,1,3,19,27,19,7,2
423,7,3,0,0,5,5,0,9,1,0,0,0,1,2,5,7,2,1
22,16,11,6,7,21,14,2,39,4,1,3,1,7,9,6,16,2,1
92,4,8,3,8,9,1,0,10,4,0,3,3,1,4,3,3,2,0
30,25,19,5,3,5,7,0,7,4,0,1,0,1,2,17,5,1,0
49,7,4,4,5,5,3,0,10,0,0,2,0,2,1,9,4,4,0
83,25,24,8,6,15,10,0,63,11,0,5,4,10,18,19,20,20,0
128,10,8,0,0,10,7,0,11,2,3,3,3,9,10,3,10,1,0
164,32,18,0,2,5,3,0,9,2,0,2,0,0,4,16,13,2,1
165,28,16,2,2,21,17,0,31,3,0,2,1,3,15,9,19,2,3
183,42,18,0,1,7,9,0,18,1,0,4,1,1,3,11,20,8,4
208,14,6,0,0,3,3,0,8,1,0,2,0,3,2,5,10,3,0
319,12,14,10,8,10,7,0,20,6,0,0,5,2,10,9,4,3,0
344,29,27,8,7,15,5,0,18,7,0,1,2,6,12,23,12,3,2
366,21,9,2,1,4,10,0,13,4,1,0,0,3,1,6,10,4,0
374,14,14,2,2,8,8,0,10,4,0,7,2,1,4,6,16,3,1
390,12,7,7,2,16,9,2,50,9,0,2,3,6,17,11,14,4,1
393,56,43,2,1,16,24,1,34,16,1,7,1,16,6,38,48,3,0
439,10,9,3,3,4,2,1,7,5,0,0,0,0,1,3,3,4,0
450,16,8,1,2,12,5,0,26,3,0,5,3,4,7,8,11,3,2
457,18,18,2,2,11,4,0,9,3,0,2,2,3,5,13,9,1,0
463,17,10,1,1,8,4,1,17,3,0,3,1,1,6,4,7,12,0
494,16,11,0,0,0,4,0,6,0,0,2,0,0,0,9,4,3,1
528,23,8,2,1,9,22,1,30,1,1,2,0,5,4,6,22,3,0
549,12,4,0,0,0,7,0,8,2,0,0,0,2,0,4,7,2,0
168,15,8,3,5,23,25,2,63,5,6,2,2,17,14,1,24,13,5
285,2,0,0,1,8,7,0,22,0,1,2,1,4,5,0,9,1,1
397,2,1,0,0,9,6,0,12,0,1,0,0,5,6,1,4,1,0
406,3,1,2,2,8,0,0,6,3,0,2,1,0,4,1,2,0,0
543,15,11,7,8,42,13,0,19,7,0,6,3,4,18,11,12,2,1
503,9,7,4,4,18,18,1,53,2,0,7,3,8,10,8,22,5,0
37,6,7,1,2,7,7,0,8,2,0,1,2,0,1,4,8,1,1
52,73,39,14,13,35,36,3,64,11,0,6,3,12,18,27,51,12,2
383,3,2,0,0,12,3,0,25,0,0,2,0,3,9,2,5,3,0
210,63,87,22,26,26,5,0,28,36,0,2,0,6,8,76,18,2,0
315,4,6,1,3,7,1,0,18,3,0,1,4,0,8,3,1,3,4
538,3,12,8,11,21,1,0,11,7,0,0,13,1,12,2,0,0,1
245,0,1,3,3,5,2,5,6,1,0,0,0,0,2,0,1,1,0
194,7,3,0,0,10,3,0,7,0,1,1,1,1,6,2,4,3,1
238,17,3,0,0,6,16,0,20,0,1,2,0,4,4,0,17,6,4
431,3,1,0,0,5,2,0,3,1,0,0,0,2,4,0,4,1,1
75,23,19,5,5,7,7,0,15,6,0,3,3,8,7,16,17,2,2
554,8,10,11,17,25,5,0,40,11,0,4,28,2,27,5,9,4,1
461,1,1,0,0,6,5,0,16,1,0,2,0,2,6,0,3,2,1
158,6,3,0,0,6,4,1,6,2,0,5,0,1,2,4,9,0,0
53,4,1,0,0,6,2,0,10,0,1,1,2,1,6,2,3,1,0
526,7,9,3,3,24,13,0,45,2,0,1,0,2,13,3,6,3,0
138,7,5,3,3,7,1,0,7,2,0,0,0,0,4,2,1,0,0
101,11,7,3,2,18,7,0,23,2,0,5,2,5,4,7,11,0,0
591,12,13,5,4,17,2,0,15,1,0,2,1,4,7,8,8,1,1
25,15,14,3,3,2,4,0,12,3,0,0,0,2,1,9,4,4,0
416,4,1,0,0,12,9,1,21,3,1,1,0,2,8,4,6,3,0
281,3,3,0,0,10,2,0,7,2,0,0,1,0,5,1,2,1,0
571,6,6,1,0,9,1,0,8,8,0,43,1,6,3,10,19,0,0
77,16,14,1,1,3,3,0,4,5,0,0,0,0,1,8,3,0,0
114,11,18,4,5,10,3,0,6,9,0,2,1,0,3,8,5,0,0
139,27,28,4,2,10,6,0,14,14,0,1,2,3,3,11,10,5,1
180,10,9,1,1,7,2,0,7,6,1,1,0,0,2,8,5,1,0
193,7,11,2,0,7,8,0,21,5,0,2,0,2,6,6,9,2,0
205,12,14,1,3,4,2,1,10,10,0,0,1,3,2,3,5,4,1
231,11,7,0,0,3,7,0,6,1,0,3,0,0,3,9,6,0,0
407,15,10,2,2,2,6,0,8,5,0,0,0,1,0,6,8,1,0
459,13,15,8,6,4,1,0,9,4,0,0,0,3,1,10,5,1,1
487,12,15,6,5,14,5,0,19,8,0,3,0,4,11,9,10,3,0
516,5,8,1,1,13,5,0,10,3,0,0,0,0,6,3,3,4,1
582,28,25,8,5,7,7,0,19,10,0,2,0,6,3,21,19,3,1
473,3,3,2,1,11,4,2,20,5,0,1,0,4,7,4,7,0,0
127,1,0,0,0,6,1,0,8,0,1,0,1,3,2,0,3,1,1
172,10,10,1,2,9,3,0,9,5,0,6,1,1,1,4,5,3,1
67,20,11,5,5,17,10,0,12,3,0,0,0,2,4,9,9,3,2
212,97,82,35,29,79,44,0,87,42,1,11,6,16,21,44,49,9,3
118,3,2,0,0,5,8,0,14,0,0,1,0,2,1,1,6,2,1
153,2,6,2,3,28,4,0,64,5,0,1,4,2,27,5,7,2,0
575,3,2,0,0,19,5,0,10,2,0,2,0,1,6,1,7,1,0
491,6,11,4,6,48,6,0,24,14,0,0,0,2,22,2,1,1,0
2,11,3,0,0,7,9,3,15,0,0,1,0,2,1,4,8,1,1
36,9,7,0,0,6,7,0,9,0,1,1,0,7,5,2,8,2,0
65,15,7,0,0,5,11,0,25,4,0,0,0,6,3,9,12,6,0
106,18,25,2,5,6,2,0,9,19,0,1,0,4,1,6,6,0,0
189,9,7,2,2,2,9,0,11,5,0,2,0,2,2,2,6,2,0
190,14,18,5,6,23,17,2,36,12,1,0,1,11,17,9,16,4,0
209,15,11,1,1,5,9,0,21,5,0,2,0,6,4,5,11,3,0
258,8,8,5,3,3,4,0,13,5,0,1,0,2,4,7,6,1,0
272,16,8,2,2,5,5,0,6,1,0,1,0,1,1,15,8,1,1
300,7,1,0,0,6,8,0,27,1,1,3,0,4,8,5,11,5,1
466,57,51,14,16,32,20,0,37,22,0,2,1,10,13,24,36,5,0
511,22,18,1,3,8,5,0,30,6,0,4,1,4,5,21,16,3,1
519,7,2,0,0,14,11,0,12,0,0,0,0,1,9,1,4,1,0
537,15,9,0,0,12,17,1,20,8,0,1,0,2,2,4,14,2,1
581,7,14,5,6,7,5,0,24,10,0,1,0,3,9,9,8,5,0
333,4,2,0,0,6,2,0,8,0,0,1,0,0,3,0,1,2,1
255,5,4,3,5,17,2,0,1,0,0,1,3,0,1,3,2,1,0
218,5,6,0,0,9,3,0,5,1,1,2,2,2,3,3,3,3,0
478,5,5,2,3,4,1,0,3,3,0,0,2,1,2,2,1,0,1
10,21,26,14,12,61,8,0,54,16,0,1,8,2,65,2,10,4,0
143,3,10,9,8,43,1,1,11,7,0,0,2,0,29,2,1,2,0
148,16,30,18,13,14,1,0,13,22,0,0,5,2,13,9,5,2,0
154,19,19,7,8,7,3,0,5,8,0,0,0,2,3,15,2,2,0
97,22,14,2,3,9,6,0,11,2,0,1,0,0,5,7,11,4,0
518,6,6,2,2,6,3,0,8,2,0,3,2,3,3,5,7,0,0
157,3,4,1,3,9,3,0,9,2,0,0,0,2,1,1,3,1,0
175,0,0,0,2,8,0,0,14,0,0,0,3,0,9,0,0,0,0
392,4,5,0,0,6,2,0,8,3,0,1,0,0,5,2,4,0,0
547,3,0,0,0,5,3,2,11,2,1,0,1,2,6,2,5,2,0
556,12,26,2,6,3,0,0,6,25,0,2,2,3,3,4,3,0,0
358,1,4,1,1,11,0,0,21,5,0,1,1,3,26,5,2,1,0
324,3,3,0,0,7,4,0,9,2,0,0,1,0,4,2,3,0,0
578,2,1,0,1,9,1,0,17,2,0,1,0,1,14,0,3,0,0
545,7,2,0,2,5,4,0,3,0,0,1,0,3,2,5,9,2,0
329,0,1,0,0,6,3,0,8,1,1,2,1,1,0,0,3,1,0
3,10,6,0,0,1,0,0,1,3,0,8,0,1,0,13,6,0,0
496,7,8,3,2,4,3,0,12,5,0,0,3,1,9,4,1,0,0
481,5,2,0,1,1,4,0,11,0,1,0,0,4,5,4,7,1,0
320,15,8,5,3,6,2,1,3,2,0,1,0,1,1,8,3,0,0
388,3,15,14,16,19,2,0,0,6,0,0,4,0,4,0,1,0,0
499,6,7,1,2,5,1,1,10,3,0,4,5,1,1,2,6,0,7
236,3,2,0,0,14,3,0,5,3,0,8,1,3,3,2,6,0,0
508,0,3,0,0,3,0,0,1,0,0,0,0,0,0,3,0,1,1
55,6,2,0,0,4,9,0,7,1,0,0,0,1,0,1,8,1,0
163,3,0,0,1,11,1,0,7,0,1,2,0,4,6,1,6,0,0
360,4,0,0,0,3,5,0,8,1,1,1,0,6,1,1,10,1,0
535,2,0,1,0,10,2,0,5,0,0,1,1,1,5,1,1,0,0
184,48,29,23,4,21,11,8,39,15,0,3,0,12,5,35,25,6,0
306,18,31,35,29,59,8,0,11,14,0,14,5,3,21,8,10,0,2
598,4,5,0,0,5,3,0,8,2,0,0,0,2,7,4,4,0,0
611,8,8,0,0,0,0,0,3,1,0,0,0,0,3,8,0,0,0
612,0,0,0,0,0,0,0,0,0,0,0,0,0,0,0,0,0,0
613,0,0,0,0,0,0,0,0,0,0,0,0,0,0,0,0,0,0
614,5,5,4,4,0,1,0,1,0,0,0,0,0,0,1,1,0,0
